movieId;title;genres;rating_avg;rating_count
1;Toy Story (1995);Adventure|Animation|Children|Comedy|Fantasy;3.92093023255814;215
13;Balto (1995);Adventure|Animation|Children;3.125;8
48;Pocahontas (1995);Animation|Children|Drama|Musical|Romance;3.147058823529412;68
239;Goofy Movie, A (1995);Animation|Children|Comedy|Romance;3.0;17
313;Swan Princess, The (1994);Animation|Children;3.333333333333333;3
364;Lion King, The (1994);Adventure|Animation|Children|Drama|Musical|IMAX;3.9418604651162794;172
551;Nightmare Before Christmas, The (1993);Animation|Children|Fantasy|Musical;3.553763440860215;93
558;Pagemaster, The (1994);Action|Adventure|Animation|Children|Fantasy;2.9375;8
588;Aladdin (1992);Adventure|Animation|Children|Comedy|Musical;3.792349726775957;183
594;Snow White and the Seven Dwarfs (1937);Animation|Children|Drama|Fantasy|Musical;3.616883116883117;77
595;Beauty and the Beast (1991);Animation|Children|Fantasy|Musical|Romance|IMAX;3.7705479452054793;146
596;Pinocchio (1940);Animation|Children|Fantasy|Musical;3.45;60
610;Heavy Metal (1981);Action|Adventure|Animation|Horror|Sci-Fi;3.5454545454545454;33
616;Aristocats, The (1970);Animation|Children;3.411111111111111;45
631;All Dogs Go to Heaven 2 (1996);Adventure|Animation|Children|Fantasy|Musical|Romance;3.1818181818181817;11
661;James and the Giant Peach (1996);Adventure|Animation|Children|Fantasy|Musical;3.4489795918367347;49
673;Space Jam (1996);Adventure|Animation|Children|Comedy|Fantasy|Sci-Fi;2.707547169811321;53
709;Oliver & Company (1988);Adventure|Animation|Children|Comedy|Musical;3.0909090909090917;11
720;Wallace & Gromit: The Best of Aardman Animation (1996);Adventure|Animation|Comedy;4.0925925925925934;27
741;Ghost in the Shell (Kôkaku kidôtai) (1995);Animation|Sci-Fi;4.148148148148148;27
745;Wallace & Gromit: A Close Shave (1995);Animation|Children|Comedy;3.8958333333333335;48
783;Hunchback of Notre Dame, The (1996);Animation|Children|Drama|Musical|Romance;3.3297872340425534;47
888;Land Before Time III: The Time of the Great Giving (1995);Adventure|Animation|Children|Musical;2.1666666666666665;3
1022;Cinderella (1950);Animation|Children|Fantasy|Musical|Romance;3.488095238095238;42
1023;Winnie the Pooh and the Blustery Day (1968);Animation|Children|Musical;3.6153846153846163;13
1024;Three Caballeros, The (1945);Animation|Children|Musical;3.6666666666666665;6
1025;Sword in the Stone, The (1963);Animation|Children|Fantasy|Musical;3.58;25
1029;Dumbo (1941);Animation|Children|Drama|Musical;3.3857142857142857;35
1030;Pete's Dragon (1977);Adventure|Animation|Children|Musical;2.7666666666666666;15
1032;Alice in Wonderland (1951);Adventure|Animation|Children|Fantasy|Musical;3.375;40
1033;Fox and the Hound, The (1981);Animation|Children|Drama;3.575;20
1064;Aladdin and the King of Thieves (1996);Animation|Children|Comedy|Fantasy|Musical|Romance;3.1538461538461537;13
1148;Wallace & Gromit: The Wrong Trousers (1993);Animation|Children|Comedy|Crime;4.035714285714286;56
1151;Lesson Faust (1994);Animation|Comedy|Drama|Fantasy;5.0;2
1223;Grand Day Out with Wallace and Gromit, A (1989);Adventure|Animation|Children|Comedy|Sci-Fi;4.089285714285714;28
1274;Akira (1988);Action|Adventure|Animation|Sci-Fi;3.743589743589743;39
1282;Fantasia (1940);Animation|Children|Fantasy|Musical;3.783018867924529;53
1405;Beavis and Butt-Head Do America (1996);Adventure|Animation|Comedy|Crime;2.935483870967741;31
1489;Cats Don't Dance (1997);Animation|Children|Musical;3.0;2
1566;Hercules (1997);Adventure|Animation|Children|Comedy|Musical;3.4516129032258065;31
1688;Anastasia (1997);Adventure|Animation|Children|Drama|Musical;3.35;20
1881;Quest for Camelot (1998);Adventure|Animation|Children|Fantasy|Musical;2.0;2
1907;Mulan (1998);Adventure|Animation|Children|Comedy|Drama|Musical|Romance;3.566666666666667;45
1920;Small Soldiers (1998);Animation|Children|Fantasy|War;2.833333333333333;18
2018;Bambi (1942);Animation|Children|Drama;3.3684210526315788;38
2033;Black Cauldron, The (1985);Adventure|Animation|Children|Fantasy;3.75;8
2048;Great Mouse Detective, The (1986);Action|Animation|Children|Crime;3.5625;8
2078;Jungle Book, The (1967);Animation|Children|Comedy|Musical;3.830188679245283;53
2080;Lady and the Tramp (1955);Animation|Children|Comedy|Romance;3.4;55
2081;Little Mermaid, The (1989);Animation|Children|Comedy|Musical|Romance;3.425373134328358;67
2085;101 Dalmatians (One Hundred and One Dalmatians) (1961);Adventure|Animation|Children;3.4318181818181817;44
2087;Peter Pan (1953);Animation|Children|Fantasy|Musical;3.5731707317073167;41
2089;Rescuers Down Under, The (1990);Adventure|Animation|Children;3.5;10
2090;Rescuers, The (1977);Adventure|Animation|Children|Crime|Drama;3.1923076923076925;13
2092;Return of Jafar, The (1994);Adventure|Animation|Children|Fantasy|Musical|Romance;2.4166666666666665;6
2096;Sleeping Beauty (1959);Animation|Children|Musical;3.4090909090909087;22
2099;Song of the South (1946);Adventure|Animation|Children|Musical;3.4166666666666665;6
2102;Steamboat Willie (1928);Animation|Children|Comedy|Musical;2.333333333333333;3
2116;Lord of the Rings, The (1978);Adventure|Animation|Children|Fantasy;3.1333333333333333;15
2123;All Dogs Go to Heaven (1989);Animation|Children|Comedy|Drama|Fantasy;2.7;15
2137;Charlotte's Web (1973);Animation|Children;3.5476190476190474;21
2138;Watership Down (1978);Adventure|Animation|Children|Drama|Fantasy;4.05;10
2139;Secret of NIMH, The (1982);Adventure|Animation|Children|Drama;3.4761904761904763;21
2141;American Tail, An (1986);Adventure|Animation|Children|Comedy;3.1666666666666665;18
2142;American Tail: Fievel Goes West, An (1991);Adventure|Animation|Children|Musical|Western;2.7;10
2294;Antz (1998);Adventure|Animation|Children|Comedy|Fantasy;3.2444444444444445;45
2354;Rugrats Movie, The (1998);Animation|Children|Comedy;2.5;7
2355;Bug's Life, A (1998);Adventure|Animation|Children|Comedy;3.516304347826087;92
2394;Prince of Egypt, The (1998);Animation|Musical;3.5;25
2495;Fantastic Planet, The (Planète sauvage, La) (1973);Animation|Sci-Fi;4.0;3
2559;King and I, The (1999);Animation|Children;3.0;1
2566;Doug's 1st Movie (1999);Animation|Children;2.0;2
2687;Tarzan (1999);Adventure|Animation|Children|Drama;3.458333333333333;24
2700;South Park: Bigger, Longer and Uncut (1999);Animation|Comedy|Musical;3.861842105263158;76
2761;Iron Giant, The (1999);Adventure|Animation|Children|Drama|Sci-Fi;4.051282051282051;39
2800;Little Nemo: Adventures in Slumberland (1992);Adventure|Animation|Children|Drama|Fantasy;2.5;1
2810;Perfect Blue (1997);Animation|Horror|Mystery|Thriller;4.2;5
2857;Yellow Submarine (1968);Adventure|Animation|Comedy|Fantasy|Musical;3.2857142857142856;14
2876;Thumbelina (1994);Animation|Children|Fantasy;2.0;1
2899;Gulliver's Travels (1939);Adventure|Animation|Children;3.0;3
2987;Who Framed Roger Rabbit? (1988);Adventure|Animation|Children|Comedy|Crime|Fantasy|Mystery;3.5721649484536084;97
3000;Princess Mononoke (Mononoke-hime) (1997);Action|Adventure|Animation|Drama|Fantasy;3.9583333333333335;48
3034;Robin Hood (1973);Adventure|Animation|Children|Comedy|Musical;3.513888888888889;36
3054;Pokémon: The First Movie (1998);Adventure|Animation|Children|Fantasy|Sci-Fi;2.3125;8
3114;Toy Story 2 (1999);Adventure|Animation|Children|Comedy|Fantasy;3.860824742268041;97
3159;Fantasia 2000 (1999);Animation|Children|Musical|IMAX;3.8333333333333335;15
3213;Batman: Mask of the Phantasm (1993);Animation|Children;4.115384615384615;13
3287;Tigger Movie, The (2000);Animation|Children;3.1666666666666665;3
3400;We're Back! A Dinosaur's Story (1993);Adventure|Animation|Children|Fantasy;3.0;1
3429;Creature Comforts (1989);Animation|Comedy;4.25;12
3483;Road to El Dorado, The (2000);Animation|Children;3.1153846153846154;13
3592;Time Masters (Maîtres du temps, Les) (1982);Animation|Sci-Fi;4.5;1
3615;Dinosaur (2000);Adventure|Animation|Children;3.1071428571428568;14
3687;Light Years (Gandahar) (1988);Adventure|Animation|Fantasy|Sci-Fi;5.0;1
3725;American Pop (1981);Animation|Musical;3.5;2
3745;Titan A.E. (2000);Action|Adventure|Animation|Children|Sci-Fi;3.4137931034482767;29
3751;Chicken Run (2000);Animation|Children|Comedy;3.551282051282051;78
3754;Adventures of Rocky and Bullwinkle, The (2000);Adventure|Animation|Children|Comedy|Fantasy;2.2222222222222223;9
3799;Pokémon the Movie 2000 (2000);Animation|Children;1.5833333333333333;6
3945;Digimon: The Movie (2000);Adventure|Animation|Children;3.0;1
3964;Adventures of Ichabod and Mr. Toad, The (1949);Animation|Children;3.0;3
3990;Rugrats in Paris: The Movie (2000);Animation|Children|Comedy;2.25;4
4006;Transformers: The Movie (1986);Adventure|Animation|Children|Sci-Fi;3.3571428571428568;7
4016;Emperor's New Groove, The (2000);Adventure|Animation|Children|Comedy|Fantasy;3.7162162162162162;37
4090;Brave Little Toaster, The (1987);Animation|Children;3.5625;8
4154;Recess: School's Out (2001);Animation|Children;4.0;2
4158;Monkeybone (2001);Animation|Comedy|Fantasy;2.083333333333333;6
4241;Pokémon 3: The Movie (2001);Animation|Children;2.1;5
4306;Shrek (2001);Adventure|Animation|Children|Comedy|Fantasy|Romance;3.8676470588235294;170
4366;Atlantis: The Lost Empire (2001);Adventure|Animation|Children|Fantasy;3.3421052631578947;19
4446;Final Fantasy: The Spirits Within (2001);Adventure|Animation|Fantasy|Sci-Fi;3.3548387096774195;31
4454;More (1998);Animation|Drama|Sci-Fi|IMAX;5.0;1
4519;Land Before Time, The (1988);Adventure|Animation|Children|Fantasy;3.333333333333333;9
4624;Meet the Feebles (1989);Animation|Comedy|Musical;3.0;3
4719;Osmosis Jones (2001);Action|Animation|Comedy|Crime|Drama|Romance|Thriller;2.625;8
4850;Spriggan (Supurigan) (1998);Action|Animation|Sci-Fi;3.375;4
4873;Waking Life (2001);Animation|Drama|Fantasy;3.6842105263157885;19
4886;Monsters, Inc. (2001);Adventure|Animation|Children|Comedy|Fantasy;3.871212121212121;132
4990;Jimmy Neutron: Boy Genius (2001);Adventure|Animation|Children|Comedy;3.2;5
5041;Fire and Ice (1983);Animation|Fantasy;1.5;1
5069;Escaflowne: The Movie (Escaflowne) (2000);Action|Adventure|Animation|Drama|Fantasy;3.25;2
5072;Metropolis (2001);Animation|Sci-Fi;3.9615384615384617;13
5109;Return to Never Land (2002);Adventure|Animation|Children;4.0;1
5146;Vampire Hunter D: Bloodlust (Banpaia hantâ D) (2000);Animation|Fantasy|Horror|Sci-Fi;3.111111111111111;9
5159;Ferngully: The Last Rainforest (1992);Animation|Children|Comedy|Musical;3.1428571428571432;7
5218;Ice Age (2002);Adventure|Animation|Children|Comedy;3.6882352941176473;85
5389;Spirit: Stallion of the Cimarron (2002);Adventure|Animation|Children|Western;3.5;2
5444;Lilo & Stitch (2002);Adventure|Animation|Children|Sci-Fi;3.810344827586207;29
5448;Hey Arnold! The Movie (2002);Adventure|Animation|Children|Comedy;2.0;1
5460;Powerpuff Girls, The (2002);Action|Animation|Children|Comedy;3.6666666666666665;3
5538;Care Bears Movie, The (1985);Animation|Children|Fantasy;1.5;2
5539;Care Bears Movie II: A New Generation (1986);Animation|Children;1.5;2
5618;Spirited Away (Sen to Chihiro no kamikakushi) (2001);Adventure|Animation|Fantasy;4.155172413793103;87
5629;Jonah: A VeggieTales Movie (2002);Animation|Children|Musical;2.0;1
5651;Incredible Mr. Limpet, The (1964);Animation|Comedy|War;3.0;1
5672;Pokemon 4 Ever (a.k.a. Pokémon 4: The Movie) (2002);Adventure|Animation|Children|Fantasy;0.5;2
5690;Grave of the Fireflies (Hotaru no haka) (1988);Animation|Drama|War;4.15625;16
5879;Eight Crazy Nights (Adam Sandler's Eight Crazy Nights) (2002);Animation|Comedy|Musical;1.5;4
5882;Treasure Planet (2002);Adventure|Animation|Children|Sci-Fi|IMAX;3.5625;8
5971;My Neighbor Totoro (Tonari no Totoro) (1988);Animation|Children|Drama|Fantasy;3.9594594594594597;37
5999;Heavy Metal 2000 (2000);Action|Adventure|Animation|Fantasy|Sci-Fi;2.25;2
6093;Last Unicorn, The (1982);Animation|Children|Fantasy;3.375;4
6158;Jungle Book 2, The (2003);Animation|Children;3.0;1
6251;Piglet's Big Movie (2003);Animation|Children;2.0;1
6283;Cowboy Bebop: The Movie (Cowboy Bebop: Tengoku no Tobira) (2001);Action|Animation|Sci-Fi|Thriller;3.9;20
6350;Laputa: Castle in the Sky (Tenkû no shiro Rapyuta) (1986);Action|Adventure|Animation|Children|Fantasy|Sci-Fi;4.0625;24
6371;Pokémon Heroes (2003);Animation|Children;0.5;1
6377;Finding Nemo (2003);Adventure|Animation|Children|Comedy;3.9609929078014185;141
6536;Sinbad: Legend of the Seven Seas (2003);Adventure|Animation|Children|Fantasy;3.6666666666666665;6
6713;Millennium Actress (Sennen joyû) (2001);Animation|Drama|Romance;3.8;5
6773;Triplets of Belleville, The (Les triplettes de Belleville) (2003);Animation|Comedy|Fantasy;3.704545454545455;22
6857;Ninja Scroll (Jûbei ninpûchô) (1995);Action|Adventure|Animation|Fantasy;3.7692307692307687;13
6889;Brother Bear (2003);Adventure|Animation|Children;3.0;2
6946;Looney Tunes: Back in Action (2003);Action|Animation|Children|Fantasy;2.75;2
7099;Nausicaä of the Valley of the Wind (Kaze no tani no Naushika) (1984);Adventure|Animation|Drama|Fantasy|Sci-Fi;4.0;23
7118;Wings of Honneamise (Ôritsu uchûgun Oneamisu no tsubasa) (1987);Animation|Drama|Sci-Fi|War;3.75;2
7228;Cool World (1992);Animation|Comedy|Fantasy;2.5;4
7304;Allegro non troppo (1977);Animation|Comedy|Fantasy|Musical;4.0;1
8015;Phantom Tollbooth, The (1970);Adventure|Animation|Children|Fantasy;3.5;1
8157;Jin Roh: The Wolf Brigade (Jin-Rô) (1998);Animation|Fantasy|Thriller;3.5;5
8253;Lupin III: The Castle Of Cagliostro (Rupan sansei: Kariosutoro no shiro) (1979);Action|Adventure|Animation|Comedy|Crime|Mystery;3.4;5
8360;Shrek 2 (2004);Adventure|Animation|Children|Comedy|Musical|Romance;3.5760869565217392;92
8372;Garfield: The Movie (2004);Animation|Children|Comedy;2.3;5
8426;Robot Carnival (Roboto kânibauru) (1987);Animation|Comedy|Drama|Fantasy|Sci-Fi;4.0;1
8574;Claymation Christmas Celebration, A (1987);Animation|Children|Comedy|Musical;1.5;2
8607;Tokyo Godfathers (2003);Adventure|Animation|Drama;3.9;5
8907;Shark Tale (2004);Animation|Children|Comedy;2.3461538461538463;13
8917;Team America: World Police (2004);Action|Adventure|Animation|Comedy;3.46875;32
8934;Bebe's Kids (1992);Animation|Children|Comedy;1.0;1
8961;Incredibles, The (2004);Action|Adventure|Animation|Children|Comedy;3.836;125
8965;Polar Express, The (2004);Adventure|Animation|Children|Fantasy|IMAX;3.1363636363636362;11
8974;SpongeBob SquarePants Movie, The (2004);Adventure|Animation|Children|Comedy;3.0;2
26133;Charlie Brown Christmas, A (1965);Animation|Children|Comedy;4.0;6
26183;Asterix and Cleopatra (Astérix et Cléopâtre) (1968);Action|Adventure|Animation|Children|Comedy;4.25;2
26340;Twelve Tasks of Asterix, The (Les douze travaux d'Astérix) (1976);Action|Adventure|Animation|Children|Comedy|Fantasy;3.6666666666666665;3
26590;G.I. Joe: The Movie (1987);Action|Adventure|Animation|Children|Fantasy|Sci-Fi;2.0;1
26631;Alice (Neco z Alenky) (1988);Animation|Fantasy|Mystery;3.75;2
26662;Kiki's Delivery Service (Majo no takkyûbin) (1989);Adventure|Animation|Children|Drama|Fantasy;4.0588235294117645;17
26701;Patlabor: The Movie (Kidô keisatsu patorebâ: The Movie) (1989);Action|Animation|Crime|Drama|Film-Noir|Mystery|Sci-Fi|Thriller;3.0;1
26743;Only Yesterday (Omohide poro poro) (1991);Animation|Drama;2.5;1
26776;Porco Rosso (Crimson Pig) (Kurenai no buta) (1992);Adventure|Animation|Comedy|Fantasy|Romance;3.8928571428571432;14
26903;Whisper of the Heart (Mimi wo sumaseba) (1995);Animation|Drama|Romance;3.8;5
26913;Street Fighter II: The Animated Movie (Sutorîto Faitâ II gekijô-ban) (1994);Action|Animation;1.5;1
26999;Lion King II: Simba's Pride, The (1998);Adventure|Animation|Children|Musical|Romance;3.0;2
27155;Batman/Superman Movie, The (1998);Action|Adventure|Animation|Children|Fantasy|Sci-Fi;2.0;1
27156;Neon Genesis Evangelion: The End of Evangelion (Shin seiki Evangelion Gekijô-ban: Air/Magokoro wo, kimi ni) (1997);Action|Animation|Drama|Fantasy|Sci-Fi;4.3;5
27186;Kirikou and the Sorceress (Kirikou et la sorcière) (1998);Adventure|Animation|Children|Fantasy;4.0;2
27311;Batman Beyond: Return of the Joker (2000);Action|Animation|Crime|Sci-Fi|Thriller;3.5;3
27369;Daria: Is It Fall Yet? (2000);Animation|Comedy;4.0;1
27441;Blood: The Last Vampire (2000);Action|Animation|Horror;3.25;2
27619;Lion King 1½, The (2004);Adventure|Animation|Children|Comedy;4.5;2
27660;Animatrix, The (2003);Action|Animation|Drama|Sci-Fi;3.7;20
27728;Ghost in the Shell 2: Innocence (a.k.a. Innocence) (Inosensu) (2004);Action|Animation|Drama|Sci-Fi|Thriller;2.1666666666666665;3
27731;Cat Returns, The (Neko no ongaeshi) (2002);Adventure|Animation|Children|Fantasy;3.75;8
27904;Scanner Darkly, A (2006);Animation|Drama|Mystery|Sci-Fi|Thriller;3.6136363636363638;22
31150;Wizards (1977);Animation|Fantasy|Sci-Fi|War;2.0;1
31184;Appleseed (Appurushîdo) (2004);Action|Animation|Fantasy|Sci-Fi;3.8333333333333335;3
31193;Many Adventures of Winnie the Pooh, The (1977);Animation|Children|Musical;3.5;1
31658;Howl's Moving Castle (Hauru no ugoku shiro) (2004);Adventure|Animation|Fantasy|Romance;4.075;40
31660;Steamboy (Suchîmubôi) (2004);Action|Animation|Drama|Sci-Fi;3.0;2
32031;Robots (2005);Adventure|Animation|Children|Comedy|Fantasy|Sci-Fi|IMAX;3.026315789473684;19
32456;Pom Poko (a.k.a. Raccoon War, The) (Heisei tanuki gassen pompoko) (1994);Animation|Comedy|Drama|Fantasy;4.25;2
32554;Memories (Memorîzu) (1995);Animation|Fantasy|Sci-Fi|Thriller;3.8333333333333335;3
32657;Man Who Planted Trees, The (Homme qui plantait des arbres, L') (1987);Animation|Drama;4.25;4
33090;Mutant Aliens (2001);Animation|Comedy|Sci-Fi;4.0;2
33294;Vampire Hunter D (1985);Animation|Fantasy|Horror;2.5;1
33615;Madagascar (2005);Adventure|Animation|Children|Comedy;3.375;40
35347;Animal Farm (1954);Animation|Drama;1.0;1
36397;Valiant (2005);Adventure|Animation|Children|Comedy|Fantasy|War;1.5;1
36708;Family Guy Presents Stewie Griffin: The Untold Story (2005);Adventure|Animation|Comedy;3.7083333333333335;12
37729;Corpse Bride (2005);Animation|Comedy|Fantasy|Musical|Romance;3.5340909090909087;44
37830;Final Fantasy VII: Advent Children (2004);Action|Adventure|Animation|Fantasy|Sci-Fi;3.55;10
38038;Wallace & Gromit in The Curse of the Were-Rabbit (2005);Adventure|Animation|Children|Comedy;3.6333333333333333;30
40339;Chicken Little (2005);Action|Adventure|Animation|Children|Comedy|Sci-Fi;2.2857142857142856;7
42191;Luxo Jr. (1986);Animation|Children;3.75;2
42422;Voices of a Distant Star (Hoshi no koe) (2003);Animation|Drama|Romance|Sci-Fi;4.5;1
42734;Hoodwinked! (2005);Animation|Children|Comedy;3.25;4
43869;Curious George (2006);Adventure|Animation|Children|Comedy;3.5;2
44020;Ultimate Avengers (2006);Action|Animation|Children|Sci-Fi;2.75;2
44022;Ice Age 2: The Meltdown (2006);Adventure|Animation|Children|Comedy;3.217391304347826;23
44849;Renaissance (2006);Action|Animation|Film-Noir|Sci-Fi|Thriller;2.5;1
45074;Wild, The (2006);Adventure|Animation|Children|Comedy|Fantasy;2.5;1
45431;Over the Hedge (2006);Adventure|Animation|Children|Comedy;3.4285714285714284;14
45517;Cars (2006);Animation|Children|Comedy;3.3780487804878048;41
46337;Garfield: A Tail of Two Kitties (2006);Animation|Children|Comedy;2.25;2
46948;Monster House (2006);Animation|Children|Fantasy|Mystery;3.111111111111111;9
47124;Ant Bully, The (2006);Adventure|Animation|Children|Comedy|Fantasy|IMAX;3.25;2
47404;Mind Game (2004);Adventure|Animation|Comedy|Fantasy|Romance|Sci-Fi;4.25;2
48414;Open Season (2006);Adventure|Animation|Children|Comedy|IMAX;3.0;2
48982;Flushed Away (2006);Animation|Comedy;3.5;7
49274;Happy Feet (2006);Adventure|Animation|Children|Comedy|IMAX;2.6818181818181817;11
50872;Ratatouille (2007);Animation|Children|Drama;3.8680555555555554;72
50999;Ugly Duckling and Me!, The (2006);Animation|Comedy;5.0;1
51939;TMNT (Teenage Mutant Ninja Turtles) (2007);Action|Adventure|Animation|Children|Comedy|Fantasy;3.083333333333333;6
52287;Meet the Robinsons (2007);Action|Adventure|Animation|Children|Comedy|Sci-Fi;3.5454545454545454;11
52435;How the Grinch Stole Christmas! (1966);Animation|Comedy|Fantasy|Musical;3.5909090909090917;11
52462;Aqua Teen Hunger Force Colon Movie Film for Theaters (2007);Action|Adventure|Animation|Comedy|Fantasy|Mystery|Sci-Fi;3.0;1
52885;Paprika (Papurika) (2006);Animation|Mystery|Sci-Fi;3.7777777777777777;9
53121;Shrek the Third (2007);Adventure|Animation|Children|Comedy|Fantasy;3.023809523809524;21
53460;Surf's Up (2007);Animation|Children|Comedy;3.5;7
54272;Simpsons Movie, The (2007);Animation|Comedy;3.619565217391304;46
55167;Tekkonkinkreet (Tekkon kinkurîto) (2006);Action|Adventure|Animation|Crime|Fantasy;4.625;4
55442;Persepolis (2007);Animation|Drama;4.181818181818182;11
55768;Bee Movie (2007);Animation|Comedy;3.15;10
55995;Beowulf (2007);Action|Adventure|Animation|Fantasy|IMAX;2.5625;8
56152;Enchanted (2007);Adventure|Animation|Children|Comedy|Fantasy|Musical|Romance;3.6764705882352944;17
56251;Futurama: Bender's Big Score (2007);Animation|Comedy|Sci-Fi;3.9;10
57502;Cat Soup (Nekojiru-so) (2001);Adventure|Animation|Drama|Horror;4.0;1
57504;Girl Who Leapt Through Time, The (Toki o kakeru shôjo) (2006);Animation|Comedy|Drama|Romance|Sci-Fi;4.1;10
58299;Horton Hears a Who! (2008);Adventure|Animation|Children|Comedy;3.4375;8
58404;Justice League: The New Frontier (2008) ;Action|Adventure|Animation|Fantasy|Sci-Fi;2.75;2
59784;Kung Fu Panda (2008);Action|Animation|Children|Comedy|IMAX;3.4444444444444446;54
60069;WALL·E (2008);Adventure|Animation|Children|Romance|Sci-Fi;4.0576923076923075;104
60161;Futurama: The Beast with a Billion Backs (2008);Action|Animation|Comedy|Romance|Sci-Fi;3.5;6
60365;Frosty the Snowman (1969);Animation|Children|Comedy|Fantasy|Musical;1.5;1
60487;It's the Great Pumpkin, Charlie Brown (1966);Animation|Children|Comedy;3.8;5
60803;Little Drummer Boy, The (1968);Animation|Children|Musical;2.5;1
60979;Batman: Gotham Knight (2008);Action|Animation|Crime;3.5;3
61160;Star Wars: The Clone Wars (2008);Action|Adventure|Animation|Sci-Fi;2.357142857142857;7
61236;Waltz with Bashir (Vals im Bashir) (2008);Animation|Documentary|Drama|War;3.0;5
62008;Dead Fury (2008);Action|Animation|Comedy|Horror;3.0;1
62336;FLCL (2000);Animation|Comedy|Fantasy|Sci-Fi;4.2777777777777795;9
62956;Futurama: Bender's Game (2008);Action|Adventure|Animation|Comedy|Fantasy|Sci-Fi;3.4444444444444446;9
62999;Madagascar: Escape 2 Africa (2008);Action|Adventure|Animation|Children|Comedy|IMAX;3.6923076923076934;13
63859;Bolt (2008);Action|Adventure|Animation|Children|Comedy;3.388888888888889;18
64116;Igor (2008);Animation|Comedy;3.5;2
64249;Shrek the Halls (2007);Adventure|Animation|Comedy|Fantasy;2.5;2
64285;Wallace and Gromit in 'A Matter of Loaf and Death' (2008);Animation|Comedy;3.7;5
64695;Sword of the Stranger (Sutorejia: Mukô hadan) (2007);Action|Adventure|Animation;4.0;1
64993;5 Centimeters per Second (Byôsoku 5 senchimêtoru) (2007);Animation|Drama|Romance;3.5;3
65261;Ponyo (Gake no ue no Ponyo) (2008);Adventure|Animation|Children|Fantasy;4.0;11
65577;Tale of Despereaux, The (2008);Adventure|Animation|Children|Comedy|Fantasy;3.0;1
66097;Coraline (2009);Animation|Fantasy|Thriller;3.7;35
66297;Futurama: Into the Wild Green Yonder (2009);Action|Animation|Comedy|Sci-Fi;3.5;6
66335;Afro Samurai: Resurrection (2009);Animation;2.5;1
66915;Rock-A-Doodle (1991);Adventure|Animation|Children|Musical;2.0;1
67295;Kung Fu Panda: Secrets of the Furious Five (2008);Action|Animation|Children|Comedy;2.875;4
67408;Monsters vs. Aliens (2009);Animation|Sci-Fi|IMAX;3.25;8
68945;Neon Genesis Evangelion: Death & Rebirth (Shin seiki Evangelion Gekijô-ban: Shito shinsei) (1997);Action|Animation|Mystery|Sci-Fi;4.0;2
68954;Up (2009);Adventure|Animation|Children|Drama;4.004761904761905;105
68959;Fullmetal Alchemist the Movie: Conqueror of Shamballa (Gekijô-ban hagane no renkinjutsushi: Shanbara wo yuku mono) (2005);Action|Adventure|Animation|Drama;2.75;2
69469;Garfield's Pet Force (2009);Animation;5.0;1
69644;Ice Age: Dawn of the Dinosaurs (2009);Action|Adventure|Animation|Children|Comedy|Romance;2.607142857142857;14
69685;Daria: Is It College Yet? (2002);Animation|Comedy;1.0;1
69746;Watchmen: Tales of the Black Freighter (2009);Action|Adventure|Animation|Horror;3.5;1
70533;Evangelion: 1.0 You Are (Not) Alone (Evangerion shin gekijôban: Jo) (2007);Action|Animation|Sci-Fi;3.8333333333333335;3
71057;9 (2009);Adventure|Animation|Sci-Fi;3.6428571428571432;14
71129;Green Lantern: First Flight (2009);Action|Adventure|Animation|Fantasy|Sci-Fi;3.5;1
71264;Cloudy with a Chance of Meatballs (2009);Animation|Children|Fantasy|IMAX;3.5294117647058822;17
71484;Metropia (2009);Animation|Sci-Fi;2.5;1
71494;Haunted World of El Superbeasto, The (2009);Action|Animation|Comedy|Horror|Thriller;3.5;1
71899;Mary and Max (2009);Animation|Comedy|Drama;4.2;10
72104;Balance (1989);Animation|Drama|Mystery|Sci-Fi|Thriller;4.5;1
72226;Fantastic Mr. Fox (2009);Adventure|Animation|Children|Comedy|Crime;4.083333333333333;18
72294;Christmas Carol, A (2009);Animation|Children|Drama|Fantasy|IMAX;3.0;2
72356;Partly Cloudy (2009);Animation|Children|Comedy|Fantasy;4.375;4
72601;Teenage Mutant Ninja Turtles: Turtles Forever (2009);Action|Adventure|Animation|Comedy|Thriller;3.0;1
72603;Merry Madagascar (2009);Animation;3.0;1
72692;Mickey's Once Upon a Christmas (1999);Animation|Comedy|Fantasy;5.0;1
72701;Planet 51 (2009);Adventure|Animation|Children|Comedy|Sci-Fi;3.0;3
72737;Princess and the Frog, The (2009);Animation|Children|Fantasy|Musical|Romance;3.75;12
73042;Alvin and the Chipmunks: The Squeakquel (2009);Animation|Children|Comedy|Musical;2.6666666666666665;3
73854;Rudolph, the Red-Nosed Reindeer (1964);Adventure|Animation|Children|Fantasy|Musical;3.8333333333333335;3
74095;Wicked City (Yôjû toshi) (1987);Animation|Fantasy|Horror|Sci-Fi;2.5;1
74553;Secret of Kells, The (2009);Animation|Fantasy;4.0;2
74791;Town Called Panic, A (Panique au village) (2009);Animation;3.75;2
76093;How to Train Your Dragon (2010);Adventure|Animation|Children|Fantasy|IMAX;3.9433962264150937;53
76301;Emperor's New Groove 2: Kronk's New Groove, The (2005);Animation|Children|Comedy|Romance;4.5;1
77709;Sky Crawlers, The (Sukai kurora) (2008);Adventure|Animation|Drama;2.5;1
78499;Toy Story 3 (2010);Adventure|Animation|Children|Comedy|Fantasy|IMAX;4.1090909090909085;55
78637;Shrek Forever After (a.k.a. Shrek: The Final Chapter) (2010);Adventure|Animation|Children|Comedy|Fantasy|IMAX;3.571428571428572;7
79008;South Park: Imaginationland (2008);Animation|Comedy|Fantasy;4.0;8
79091;Despicable Me (2010);Animation|Children|Comedy|Crime;3.6842105263157885;38
79274;Batman: Under the Red Hood (2010);Action|Animation;3.6666666666666665;3
80083;Dragon Ball Z: Dead Zone (Doragon bôru Z 1: Ora no Gohan wo kaese) (1989);Action|Adventure|Animation|Fantasy|Sci-Fi;4.0;1
80615;Legend of the Guardians: The Owls of Ga'Hoole (2010);Adventure|Animation|Fantasy|IMAX;4.0;2
80834;Sintel (2010);Animation|Fantasy;3.5;1
81018;Illusionist, The (L'illusionniste) (2010);Animation;3.0;3
81564;Megamind (2010);Action|Animation|Children|Comedy|Sci-Fi|IMAX;3.6;20
81847;Tangled (2010);Animation|Children|Comedy|Fantasy|Musical|Romance|IMAX;3.9166666666666665;24
83132;Secret World of Arrietty, The (Kari-gurashi no Arietti) (2010);Animation|Children|Fantasy;3.5;4
83803;Day & Night (2010);Animation|Children;4.1;5
84187;Evangelion: 2.0 You Can (Not) Advance (Evangerion shin gekijôban: Ha) (2009);Action|Animation|Drama|Sci-Fi;3.5;3
84414;All-Star Superman (2011);Action|Adventure|Animation|Sci-Fi;4.25;2
84637;Gnomeo & Juliet (2011);Adventure|Animation|Children|Comedy|Fantasy|Romance;3.0;1
84944;Rango (2011);Action|Adventure|Animation|Children|Comedy|Western;3.6176470588235294;17
85179;Summer Wars (Samâ wôzu) (2009);Adventure|Animation|Comedy|Sci-Fi;3.8333333333333335;3
85259;Winnie the Pooh and the Honey Tree (1966);Animation|Children;4.0;1
85261;Mars Needs Moms (2011);Action|Adventure|Animation|Children|Comedy|Sci-Fi|IMAX;3.5;1
85316;Winnie the Pooh and Tigger Too (1974);Animation|Children;3.5;1
85736;BURN-E (2008);Adventure|Animation|Children|Sci-Fi;4.5;3
85780;Family Guy Presents: It's a Trap (2010);Animation|Comedy|Sci-Fi;3.583333333333333;6
86059;Hop (2011);Animation|Children|Comedy;2.75;2
86286;Daffy Duck's Quackbusters (1988);Animation|Children|Comedy|Horror;2.0;1
86298;Rio (2011);Adventure|Animation|Children|Comedy;3.125;8
86721;Idiots and Angels (2008);Animation|Drama|Fantasy;5.0;1
87222;Kung Fu Panda 2 (2011);Action|Adventure|Animation|Children|Comedy|IMAX;3.3235294117647056;17
87834;My Life as McDull (Mak dau goo si) (2001);Animation|Comedy|Drama;5.0;1
87876;Cars 2 (2011);Adventure|Animation|Children|Comedy|IMAX;3.1666666666666665;3
88267;Winnie the Pooh (2011);Animation|Children|Comedy;3.0;1
88345;Mike's New Car (2002);Animation|Comedy;4.0;1
88356;Smurfs, The (2011);Animation|Children|Comedy;1.875;4
89586;Phineas and Ferb the Movie: Across the 2nd Dimension (2011);Adventure|Animation|Children;3.5;1
90603;Batman: Year One (2011);Action|Animation|Crime;3.6666666666666665;3
90647;Puss in Boots (2011);Adventure|Animation|Comedy|Fantasy|IMAX;3.5625;8
90746;Adventures of Tintin, The (2011);Action|Animation|Mystery|IMAX;3.5;12
91233;Lifted (2006);Animation|Comedy|Sci-Fi;4.0;1
91353;Asterix in America (a.k.a Asterix Conquers America) (Astérix et les Indiens) (1994);Adventure|Animation|Children|Comedy;3.75;2
91355;Asterix and the Vikings (Astérix et les Vikings) (2006);Adventure|Animation|Children|Comedy|Fantasy;5.0;1
91386;Happy Feet Two (2011);Animation|Children|Comedy|IMAX;5.0;1
91414;Arthur Christmas (2011);Animation|Children|Comedy|Drama;0.5;1
91488;Snowman, The (1982);Animation|Children|Musical;3.75;2
91671;Alvin and the Chipmunks: Chipwrecked (2011);Animation|Comedy;1.0;2
92348;Puss in Boots (Nagagutsu o haita neko) (1969);Adventure|Animation|Children|Comedy|Fantasy|Romance;4.0;1
93208;Mickey's The Prince and the Pauper (1990);Animation|Children;2.0;1
93272;Dr. Seuss' The Lorax (2012);Animation|Fantasy|Musical|IMAX;3.1;5
94160;Dante's Inferno: An Animated Epic (2010);Action|Animation|Fantasy;3.0;1
94833;Pirates! Band of Misfits, The (2012);Adventure|Animation|Children|Comedy;3.333333333333333;3
95004;Superman/Doomsday (2007) ;Action|Animation;4.0;1
95105;Madagascar 3: Europe's Most Wanted (2012);Adventure|Animation|Children|Comedy|IMAX;3.388888888888889;9
95145;Dragon Ball: The Curse Of The Blood Rubies (Doragon bôru: Shenron no densetsu) (1986);Action|Adventure|Animation|Children;3.5;1
95147;Dragon Ball: Sleeping Princess in Devil's Castle (Doragon bôru: Majinjô no nemuri hime) (1987);Action|Adventure|Animation|Children;3.25;2
95149;Superman/Batman: Public Enemies (2009);Action|Animation|Fantasy;5.0;1
95163;Dragon Ball: Mystical Adventure (Doragon bôru: Makafushigi dai bôken) (1988);Action|Adventure|Animation|Children;3.5;1
95165;Dragon Ball Z the Movie: The World's Strongest (a.k.a. Dragon Ball Z: The Strongest Guy in The World) (Doragon bôru Z: Kono yo de ichiban tsuyoi yatsu) (1990);Action|Adventure|Animation|Sci-Fi|Thriller;4.0;1
95167;Brave (2012);Action|Adventure|Animation|Children;3.466666666666667;30
95170;Beauty and the Beast: The Enchanted Christmas (1997);Animation|Children|Fantasy|Musical;4.0;1
95182;Dragon Ball Z the Movie: The Tree of Might (Doragon bôru Z 3: Chikyû marugoto chô kessen) (1990);Action|Adventure|Animation|Sci-Fi;3.0;2
95193;Pocahontas II: Journey to a New World (1998) ;Adventure|Animation|Children;2.0;1
95311;Presto (2008);Animation|Children|Comedy|Fantasy;5.0;1
95313;Jack-Jack Attack (2005);Adventure|Animation|Children|Comedy;4.5;1
95377;One Man Band (2005);Animation|Comedy|Musical;3.8333333333333335;3
95473;Dragon Ball Z: The Return of Cooler (Doragon bôru Z 6: Gekitotsu! Hyakuoku pawâ no senshi) (1992);Action|Adventure|Animation;4.0;1
95475;Dragon Ball Z: Cooler's Revenge (Doragon bôru Z 5: Tobikkiri no saikyô tai saikyô) (1991);Action|Adventure|Animation;4.0;2
95497;Dragon Ball Z: Super Android 13! (Doragon bôru Z 7: Kyokugen batoru!! San dai sûpâ saiyajin) (1992);Action|Adventure|Animation;3.75;2
95499;Dragon Ball Z: Broly - The Legendary Super Saiyan (Doragon bôru Z 8: Moetsukiro!! Nessen retsusen-chô gekisen) (1993);Action|Adventure|Animation;4.0;1
95519;Dragon Ball Z: Bojack Unbound (Doragon bôru Z 9: Ginga girigiri!! Butchigiri no sugoi yatsu) (1993);Action|Adventure|Animation|Fantasy;4.0;1
95543;Ice Age 4: Continental Drift (2012);Adventure|Animation|Comedy;2.9166666666666665;6
95654;Geri's Game (1997);Animation|Children;4.166666666666667;3
95771;Dragon Ball Z: Broly Second Coming (Doragon bôru Z 10: Kiken na futari! Sûpâ senshi wa nemurenai) (1994);Action|Adventure|Animation;4.0;1
95780;Dragon Ball Z: Bio-Broly (Doragon bôru Z 11: Sûpâ senshi gekiha! Katsu no wa ore da) (1994);Action|Adventure|Animation;4.0;1
95858;For the Birds (2000);Animation|Children|Comedy;3.9;5
95965;Dragon Ball Z: Bardock - The Father of Goku (Doragon bôru Z: Tatta hitori no saishuu kessen - Furiiza ni itonda Z senshi Kakarotto no chichi) (1990);Action|Adventure|Animation;4.0;1
96004;Dragon Ball Z: The History of Trunks (Doragon bôru Z: Zetsubô e no hankô!! Nokosareta chô senshi - Gohan to Torankusu) (1993);Action|Adventure|Animation;3.25;2
96007;Dragon Ball GT: A Hero's Legacy (Doragon bôru GT: Gokû gaiden! Yûki no akashi wa sû-shin-chû) (1997);Action|Adventure|Animation;2.0;1
96281;ParaNorman (2012);Adventure|Animation|Comedy;3.5;2
96608;Runaway Brain (1995) ;Animation|Comedy|Sci-Fi;5.0;1
97172;Frankenweenie (2012);Animation|Comedy|Horror|IMAX;2.5;2
97225;Hotel Transylvania (2012);Animation|Children|Comedy;3.4090909090909087;11
97913;Wreck-It Ralph (2012);Animation|Comedy;3.75;22
98124;Batman: The Dark Knight Returns, Part 1 (2012);Action|Animation|Sci-Fi;3.928571428571429;7
98243;Rise of the Guardians (2012);Adventure|Animation|Children|Fantasy|IMAX;3.7916666666666665;12
98491;Paperman (2012);Animation|Comedy|Romance;4.375;8
98604;From Up on Poppy Hill (Kokuriko-zaka kara) (2011);Animation|Drama|Romance;4.5;1
98607;Redline (2009);Action|Animation|Sci-Fi;4.5;1
98799;Liar's Autobiography: The Untrue Story of Monty Python's Graham Chapman, A (2012);Animation|Comedy;2.5;1
99764;It's Such a Beautiful Day (2012);Animation|Comedy|Drama|Fantasy|Sci-Fi;4.25;2
99813;Batman: The Dark Knight Returns, Part 2 (2013);Action|Animation;3.875;8
100611;Escape from Planet Earth (2013);Adventure|Animation|Comedy|Sci-Fi;4.0;2
101074;Legend of Sleepy Hollow, The (1949);Animation|Comedy|Horror|Musical;2.0;1
101142;Croods, The (2013);Adventure|Animation|Comedy;3.7777777777777777;9
101423;Mezzo Forte (1998);Action|Animation|Comedy;3.0;1
101962;Wolf Children (Okami kodomo no ame to yuki) (2012);Animation|Fantasy;4.0;4
102007;Invincible Iron Man, The (2007);Animation;3.0;1
102058;Hulk Vs. (2009);Animation;3.0;1
102084;Justice League: Doom (2012) ;Action|Animation|Fantasy;5.0;1
102720;Epic (2013);Adventure|Animation|Fantasy;3.0;2
103141;Monsters University (2013);Adventure|Animation|Comedy;3.875;16
103210;Fullmetal Alchemist: The Sacred Star of Milos (2011);Action|Adventure|Animation;2.0;1
103233;LEGO Batman: The Movie - DC Heroes Unite (2013);Action|Adventure|Animation;3.0;1
103335;Despicable Me 2 (2013);Animation|Children|Comedy|IMAX;3.5789473684210527;19
103755;Turbo (2013);Adventure|Animation|Children|Comedy|Fantasy;2.5;1
104076;Smurfs 2, The (2013);Animation|Children|Comedy;1.875;4
104141;Batman: Mystery of the Batwoman (2003);Action|Animation|Children|Crime;3.0;1
104245;Planes (2013);Adventure|Animation|Comedy;3.0;2
104283;Wind Rises, The (Kaze tachinu) (2013);Animation|Drama|Romance;4.0;3
104419;Justice League: Crisis on Two Earths (2010);Action|Animation|Sci-Fi;3.25;2
104780;Mystery of the Third Planet, The (Tayna tretey planety) (1981);Adventure|Animation|Sci-Fi;5.0;1
105468;Cloudy with a Chance of Meatballs 2 (2013);Animation|Children|Comedy|Fantasy;2.25;2
105540;All Dogs Christmas Carol, An (1998);Animation|Children|Comedy|Musical;4.5;1
106696;Frozen (2013);Adventure|Animation|Comedy|Fantasy|Musical|Romance;3.6206896551724137;29
106873;Evangelion: 3.0 You Can (Not) Redo (2012);Action|Animation|Drama;2.5;3
107953;Dragon Ball Z: Battle of Gods (2013);Action|Animation|Fantasy|IMAX;4.0;2
107999;Dragon ball Z 04: Lord Slug (1991);Animation|Children;4.0;1
108090;Dragon Ball: The Path to Power (Doragon bôru: Saikyô e no michi) (1996);Action|Adventure|Animation|Children;3.5;1
108540;Ernest & Célestine (Ernest et Célestine) (2012);Adventure|Animation|Children|Comedy|Drama|Romance;4.5;1
108795;Wonder Woman (2009);Action|Adventure|Animation|Fantasy;5.0;1
108932;The Lego Movie (2014);Action|Adventure|Animation|Children|Comedy|Fantasy;3.870967741935484;31
109383;Oversimplification of Her Beauty, An (2012);Animation|Comedy|Drama|Romance;3.5;1
109596;Wrinkles (Arrugas) (2011);Animation|Drama;4.0;1
109633;Garden of Words, The (Koto no ha no niwa) (2013);Animation|Romance;5.0;1
109846;Mr. Peabody & Sherman (2014);Adventure|Animation|Comedy;3.25;4
109941;Puss in Boots: The Three Diablos (2012);Animation|Comedy;3.0;1
110130;Nut Job, The (2014);Adventure|Animation|Children|Comedy;4.333333333333333;3
110655;Rio 2 (2014);Adventure|Animation|Children|Comedy;2.0;2
110781;Mulan II (2004);Action|Animation|Children|Comedy|Musical;2.5;1
111146;Alpha and Omega 3: The Great Wolf Games (2014);Action|Adventure|Animation|Children|Comedy;4.5;1
112006;Tangled Ever After (2012);Action|Animation|Children;3.8333333333333335;3
112175;How to Train Your Dragon 2 (2014);Action|Adventure|Animation;3.7666666666666666;15
112460;Planes: Fire & Rescue (2014);Adventure|Animation|Comedy;2.25;2
112512;Colourful (Karafuru) (2010);Animation|Drama|Fantasy|Mystery;5.0;1
113278;Batman: Assault on Arkham (2014);Action|Animation|Crime|Thriller;3.0;1
113374;Old Lady and the Pigeons, The (La vieille dame et les pigeons) (1997);Animation|Comedy;3.0;1
114554;Tale of Princess Kaguya, The (Kaguyahime no monogatari) (2013);Animation|Drama|Fantasy;1.0;1
114627;Angel's Egg (Tenshi no tamago) (1985);Animation|Drama|Fantasy;3.25;2
115065;Justin and the Knights of Valour (2013);Adventure|Animation;2.0;1
115111;Ward 13 (2003);Action|Animation|Comedy|Horror;3.5;1
115617;Big Hero 6 (2014);Action|Animation|Comedy;3.8536585365853657;41
115664;The Book of Life (2014);Adventure|Animation|Romance;4.0;2
115819;Mr Hublot (2013);Animation|Comedy;3.0;1
115877;Simpsons: The Longest Daycare, The (2012);Animation|Comedy;3.6666666666666665;3
116941;Jetsons: The Movie (1990);Animation|Children|Comedy|Musical|Sci-Fi;2.0;1
117368;The Madagascar Penguins in a Christmas Caper (2005);Animation|Comedy;3.5;1
117444;Song of the Sea (2014);Animation|Children|Fantasy;3.0;1
117545;Asterix: The Land of the Gods (Astérix: Le domaine des dieux) (2014);Animation;3.75;2
117851;Penguins of Madagascar (2014);Adventure|Animation|Children|Comedy;3.7;5
117877;The Rabbi's Cat (Le chat du rabbin) (2011);Adventure|Animation;3.0;1
117922;Ice Age: A Mammoth Christmas (2011);Adventure|Animation|Children;3.5;1
118894;Scooby-Doo! Abracadabra-Doo (2010);Animation|Children|Mystery;5.0;1
120130;Into the Forest of Fireflies' Light (2011);Animation|Drama|Fantasy;5.0;1
121099;101 Dalmatians II: Patch's London Adventure (2003);Animation|Children;2.5;1
121781;Stuart Little 3: Call of the Wild (2005);Animation|Children|Comedy|Fantasy;5.0;1
124404;Snowflake, the White Gorilla (2011);Adventure|Animation|Children|Comedy;5.0;1
124853;Why Man Creates (1968);Animation|Documentary;4.0;1
126088;A Flintstones Christmas Carol (1994);Animation|Children|Comedy;5.0;1
126090;Hedgehog in the Fog (1975);Animation;4.5;1
126482;Strange Magic (2015);Animation|Children|Fantasy|Musical;3.0;1
126577;Daddy, I'm A Zombie (2012);Animation|Comedy|Fantasy;4.0;1
126921;The Fox and the Hound 2 (2006);Adventure|Animation|Children|Comedy;5.0;1
127390;Family Guy Presents: Blue Harvest (2007);Animation|Comedy;4.0;1
128968;Stitch! The Movie (2003);Animation|Children|Comedy;4.0;2
128991;Johnny Express (2014);Animation|Comedy|Sci-Fi;4.5;1
129779;Ghost in the Shell Arise - Border 1: Ghost Pain (2013);Action|Animation|Sci-Fi;2.5;1
130518;The Amazing Screw-On Head (2006);Action|Adventure|Animation|Comedy|Sci-Fi;4.0;3
130520;Home (2015);Adventure|Animation|Children|Comedy|Fantasy|Sci-Fi;3.25;8
131098;Saving Santa (2013);Animation|Children|Comedy;5.0;1
131130;Tom and Jerry: A Nutcracker Tale (2007);Animation|Comedy;5.0;1
131656;Shaun the Sheep Movie (2015);Adventure|Animation|Children|Comedy;3.0;2
131739;Batman vs. Robin (2015);Action|Adventure|Animation;3.0;1
132362;Patlabor 2: The Movie (1993);Action|Animation|Sci-Fi;3.5;1
134019;The Monkey King (1964);Animation;3.5;1
134095;My Love (2006);Animation|Drama;5.0;1
134849;Duck Amuck (1953);Animation|Children|Comedy;4.0;1
134853;Inside Out (2015);Adventure|Animation|Children|Comedy|Drama|Fantasy;3.8139534883720936;43
135436;The Secret Life of Pets (2016);Animation|Comedy;3.071428571428572;7
135456;Ghost in the Shell: Stand Alone Complex - The Laughing Man (2005);Action|Animation|Crime|Sci-Fi;3.25;2
135887;Minions (2015);Adventure|Animation|Children|Comedy;3.1666666666666665;15
136016;The Good Dinosaur (2015);Adventure|Animation|Children|Comedy|Fantasy;3.0;4
136024;The Professional: Golgo 13 (1983);Action|Animation|Crime;3.0;1
136297;Mortal Kombat: The Journey Begins (1995);Action|Animation;0.5;1
136341;Scooby-Doo! and the Samurai Sword (2009);Animation|Children|Comedy;5.0;1
136353;Scooby-Doo! and the Loch Ness Monster (2004);Animation|Children|Comedy;5.0;1
136355;Big Top Scooby-Doo! (2012);Animation|Children|Comedy;5.0;1
136359;Scooby-Doo Goes Hollywood (1979);Animation|Children|Comedy;5.0;1
136449;Ghost in the Shell 2.0 (2008);Action|Animation|Sci-Fi;3.75;2
136503;Tom and Jerry: Shiver Me Whiskers (2006);Animation|Children|Comedy;5.0;1
136556;Kung Fu Panda: Secrets of the Masters (2011);Animation|Children;5.0;1
137859;Dragon Ball Z Gaiden: The Plot to Destroy the Saiyans (1993);Action|Adventure|Animation;4.0;1
137863;Dragon Ball Z: Resurrection of F (2015);Action|Adventure|Animation|Fantasy;4.0;1
138702;Feast (2014);Animation|Children|Comedy|Drama|Romance;3.0;1
138835;Return to Treasure Island (1988);Adventure|Animation|Comedy;5.0;1
138966;Nasu: Summer in Andalusia (2003);Animation;5.0;1
139130;Afro Samurai (2007);Action|Adventure|Animation|Drama|Fantasy;2.5;1
139640;Ooops! Noah is Gone... (2015);Animation;5.0;1
139855;Anomalisa (2015);Animation|Comedy|Fantasy;3.25;2
139859;Ghost in the Shell Arise - Border 2: Ghost Whispers (2013);Action|Animation|Sci-Fi|Thriller;2.5;1
140481;Family Guy Presents: Something, Something, Something, Dark Side (2009);Animation|Comedy|Sci-Fi;4.5;1
140541;The Electric Hotel (1908);Animation|Comedy|Sci-Fi;4.0;1
142056;Iron Man & Hulk: Heroes United (2013);Action|Adventure|Animation;3.0;1
142997;Hotel Transylvania 2 (2015);Animation|Comedy;2.875;4
143245;The Little Prince (2015);Animation|Fantasy;2.25;2
145080;Extraordinary Tales (2015);Animation|Horror|Mystery;2.5;1
145935;Peanuts Movie, The (2015);Adventure|Animation|Children|Comedy;1.5;1
146309;The Boy and the Beast (2015);Action|Adventure|Animation;4.0;1
146662;Dragons: Gift of the Night Fury (2011);Adventure|Animation|Comedy;5.0;1
146684;Cosmic Scrat-tastrophe (2015);Animation|Children|Comedy;5.0;1
148881;World of Tomorrow (2015);Animation|Comedy;4.5;2
148978;Blue Exorcist: The Movie (2012);Animation|Fantasy|Horror|Mystery;4.0;1
149406;Kung Fu Panda 3 (2016);Action|Adventure|Animation;3.375;8
151769;Three from Prostokvashino (1978);Animation;5.0;1
151781;Ghost in the Shell: Solid State Society (2006);Action|Animation|Crime|Sci-Fi|Thriller;3.5;1
152081;Zootopia (2016);Action|Adventure|Animation|Children|Comedy;3.890625;32
153236;Genius Party (2007);Animation;3.0;1
156025;Ice Age: The Great Egg-Scapade (2016);Adventure|Animation|Children|Comedy;5.0;1
156553;Zoom (2015);Animation|Comedy|Drama;2.5;1
157296;Finding Dory (2016);Adventure|Animation|Comedy;3.5769230769230766;13
157340;The Angry Birds Movie (2016);Animation|Comedy;2.5;1
157775;Tenchi Muyô! In Love (1996);Animation|Comedy;5.0;1
157865;Ratchet & Clank (2016);Action|Adventure|Animation|Children|Comedy|Sci-Fi;1.5;1
158035;Gintama: The Final Chapter - Be Forever Yorozuya (2013);Action|Animation|Comedy;3.5;1
158872;Sausage Party (2016);Animation|Comedy;3.6428571428571432;7
159403;Neo Tokyo (1987);Adventure|Animation|Fantasy|Horror|Sci-Fi;3.0;1
159811;The Bremen Town Musicians (1969);Animation|Drama|Fantasy;5.0;1
160569;Ice Age: Collision Course (2016);Adventure|Animation|Children|Comedy;1.0;1
160718;Piper (2016);Animation;4.5;2
160848;The Red Turtle (2016);Animation;4.5;1
161354;Batman: The Killing Joke (2016);Action|Animation|Crime|Drama;3.0;1
161594;Kingsglaive: Final Fantasy XV (2016);Action|Adventure|Animation|Drama|Fantasy|Sci-Fi;3.5;1
162578;Kubo and the Two Strings (2016);Adventure|Animation|Children|Fantasy;4.0;6
162968;Kizumonogatari Part 1: Tekketsu (2016);Action|Animation|Mystery;4.0;1
162982;"Steins;Gate the Movie: The Burden of Déjà vu (2013)";Animation|Drama|Sci-Fi;3.0;1
163072;Winnie Pooh (1969);Animation|Children;5.0;1
163112;Winnie the Pooh Goes Visiting (1971);Animation;5.0;1
163134;Your Name. (2016);Animation|Drama|Fantasy|Romance;4.0;3
163386;Winnie the Pooh and the Day of Concern (1972);Animation;5.0;1
163639;DC Super Hero Girls: Hero of the Year (2016);Animation;4.0;1
163809;Over the Garden Wall (2013);Adventure|Animation|Drama;2.5;1
163925;Wings, Legs and Tails (1986);Animation|Comedy;5.0;1
164200;Storks (2016);Animation|Children|Comedy;4.0;2
165959;Alesha Popovich and Tugarin the Dragon (2004);Animation|Comedy|Drama;5.0;1
166183;Junior and Karlson (1968);Adventure|Animation|Children;5.0;1
166291;A Silent Voice (2016);Animation|Drama|Romance;4.0;2
166461;Moana (2016);Adventure|Animation|Children|Comedy|Fantasy;3.45;10
167036;Sing (2016);Animation|Children|Comedy;3.75;4
167746;The Lego Batman Movie (2017);Action|Animation|Comedy;3.7142857142857135;7
167772;The Spirit of Christmas (1995);Animation|Comedy;1.5;1
168090;Kizumonogatari II: Passionate Blood (2016);Animation|Fantasy|Mystery;4.0;1
168218;Kizumonogatari III: Cold Blood (2017);Animation|Fantasy|Mystery;4.5;1
168418;The Boss Baby (2017);Animation|Children|Comedy;3.8;5
170297;Ultimate Avengers 2 (2006);Action|Animation|Sci-Fi;2.0;1
170597;A Plasticine Crow (1981);Animation;5.0;1
170777;There Once Was a Dog (1982);Animation|Children|Comedy;5.0;1
170939;Captain Underpants: The First Epic Movie (2017);Action|Animation|Children|Comedy;3.5;1
170957;Cars 3 (2017);Adventure|Animation|Comedy;3.0;1
172547;Despicable Me 3 (2017);Adventure|Animation|Children|Comedy;2.25;2
172577;Last Year's Snow Was Falling (1983);Animation|Children|Comedy|Fantasy;5.0;1
172583;Investigation Held by Kolobki (1986);Animation;5.0;1
172585;Karlson Returns (1970);Adventure|Animation|Children;5.0;1
172587;Vacations in Prostokvashino (1980);Animation;5.0;1
172589;Winter in Prostokvashino (1984);Animation;5.0;1
172637;Priklyucheniya Kapitana Vrungelya (1979);Action|Adventure|Animation|Comedy;5.0;1
172793;Vovka in the Kingdom of Far Far Away (1965);Adventure|Animation|Children|Fantasy;5.0;1
172825;Adventures of Mowgli: The Kidnapping (1968);Adventure|Animation|Children;4.5;1
172875;A Detective Story (2003);Animation|Sci-Fi;5.0;1
172881;Final Flight of the Osiris (2003);Action|Animation|Sci-Fi;3.5;1
172887;Kid's Story (2003);Animation|Sci-Fi;3.0;1
172909;Cheburashka (1971);Animation;5.0;1
173351;Wow! A Talking Fish! (1983);Animation|Children|Comedy|Fantasy;5.0;1
173355;Travels of an Ant (1983);Animation;5.0;1
174141;Belladonna of Sadness (1973);Animation|Drama|Fantasy;3.5;1
175293;Gena the Crocodile (1969);Animation|Children;5.0;1
175387;On the Trail of the Bremen Town Musicians (1973);Adventure|Animation|Children;5.0;1
175397;In the blue sea, in the white foam. (1984);Animation|Children|Fantasy;5.0;1
175401;Wolf and Calf (1984);Animation;4.0;1
175431;Bobik Visiting Barbos (1977);Animation|Comedy;5.0;1
175435;The Magic Ring (1982);Animation|Fantasy;4.5;1
175475;The Emoji Movie (2017);Animation|Children|Comedy;0.5;1
176051;LEGO DC Super Hero Girls: Brain Drain (2017);Animation;3.5;1
176389;The Nut Job 2: Nutty by Nature (2017);Adventure|Animation|Children|Comedy;2.0;1
176621;Boniface's Holiday (1965);Animation|Children|Comedy|Romance;2.0;1
177285;Sword Art Online The Movie: Ordinal Scale (2017);Action|Adventure|Animation|Fantasy|Sci-Fi;3.0;1
177765;Coco (2017);Adventure|Animation|Children;3.5384615384615383;13
177939;The Night Is Short, Walk on Girl (2017);Animation|Romance;4.5;1
178111;Fireworks, Should We See It from the Side or the Bottom? (2017);Animation;2.0;1
178827;Paddington 2 (2017);Adventure|Animation|Children|Comedy;4.25;2
179133;Loving Vincent (2017);Animation|Crime|Drama;5.0;1
180987;Ferdinand (2017);Animation|Children|Comedy;1.5;1
182293;Hare-um Scare-um (1939);Animation|Children|Comedy;4.0;1
182297;Porky in Wackyland (1938);Animation|Comedy|Fantasy;4.0;1
182299;Porky's Hare Hunt (1938);Animation|Children|Comedy;4.0;1
182639;The Second Renaissance Part II (2003);Animation|Sci-Fi;4.0;1
183897;Isle of Dogs (2018);Animation|Comedy;3.5;5
187541;Incredibles 2 (2018);Action|Adventure|Animation|Children;3.0;4
190219;Bunny (1998);Animation;1.0;1
193565;Gintama: The Movie (2010);Action|Animation|Comedy|Sci-Fi;3.5;1
193567;anohana: The Flower We Saw That Day - The Movie (2013);Animation|Drama;3.0;1
193573;Love Live! The School Idol Movie (2015);Animation;4.0;1
193581;Black Butler: Book of the Atlantic (2017);Action|Animation|Comedy|Fantasy;4.0;1
193583;No Game No Life: Zero (2017);Animation|Comedy|Fantasy;3.5;1
193587;Bungo Stray Dogs: Dead Apple (2018);Action|Animation;3.5;1
